﻿<parameters>
  <parameter name="IIS Web Application Name" defaultValue="Default Web Site/" tags="IisApp">
    <parameterEntry kind="ProviderPath" scope="IisApp" match="^C:\\Users\\SupportPedia\\Documents\\GitHub\\TTop\\TwitterTops\\TwitTailor\\TTServices\\obj\\Debug\\Package\\PackageTmp$" />
    <parameterEntry kind="ProviderPath" scope="setAcl" match="^C:\\Users\\SupportPedia\\Documents\\GitHub\\TTop\\TwitterTops\\TwitTailor\\TTServices\\obj\\Debug\\Package\\PackageTmp$" />
  </parameter>
  <parameter name="DefaultConnection-Web.config Connection String" description="DefaultConnection Connection String used in web.config by the application to access the database." defaultValue="Data Source=(LocalDb)\v11.0;Initial Catalog=aspnet-TTServices-20150102164129;Integrated Security=SSPI;AttachDBFilename=|DataDirectory|\aspnet-TTServices-20150102164129.mdf" tags="SqlConnectionString">
    <parameterEntry kind="XmlFile" scope="C:\\Users\\SupportPedia\\Documents\\GitHub\\TTop\\TwitterTops\\TwitTailor\\TTServices\\obj\\Debug\\Package\\PackageTmp\\Web\.config$" match="/configuration/connectionStrings/add[@name='DefaultConnection']/@connectionString" />
  </parameter>
  <parameter name="TwitRapDBEntities-Web.config Connection String" description="TwitRapDBEntities Connection String used in web.config by the application to access the database." defaultValue="metadata=res://*/Model.TwitRapModel.csdl|res://*/Model.TwitRapModel.ssdl|res://*/Model.TwitRapModel.msl;provider=System.Data.SqlClient;provider connection string=&quot;data source=trdb2015.ckhklxm7l9us.us-west-2.rds.amazonaws.com,1433;initial catalog=TRDB2015;persist security info=True;user id=TRUser2015;password=Pr!ket!12;multipleactiveresultsets=True;application name=EntityFramework&quot;" tags="SqlConnectionString">
    <parameterEntry kind="XmlFile" scope="C:\\Users\\SupportPedia\\Documents\\GitHub\\TTop\\TwitterTops\\TwitTailor\\TTServices\\obj\\Debug\\Package\\PackageTmp\\Web\.config$" match="/configuration/connectionStrings/add[@name='TwitRapDBEntities']/@connectionString" />
  </parameter>
</parameters>